evaluation_seed,outside_physical_radius_fraction,outside_warning_radius_fraction,outside_safe_radius_fraction,hazard_0_x,hazard_0_y,hazard_1_x,hazard_1_y,hazard_2_x,hazard_2_y,hazard_3_x,hazard_3_y,hazard_4_x,hazard_4_y,hazard_5_x,hazard_5_y,hazard_6_x,hazard_6_y,hazard_7_x,hazard_7_y
10000,0.8890961468416463,0.5129523956689219,0.36470899879692276,0.08701443562505684,1.035247217372704,-0.6808728281727159,-0.2174812488515674,-0.9564728878507722,-1.1859048898382947,1.1306879010615296,0.7390683755200202,0.5134127034455198,1.1970780819194096,-0.7303375663706521,1.3134484834456066,0.21801909598071,0.17431167983403562,1.101293067560077,-1.2041800653159611
10001,0.8890188850012694,0.5159545700378583,0.3643116521892694,-0.9036719734969095,1.0354921031225472,0.5121765999393577,1.0571987396641547,-0.4187454054455305,-0.601566609349769,0.007479417006611255,-0.9951056493821437,0.866030768963838,0.5727947400289752,-0.17097883605593434,0.022933773319758766,-0.9580395387821452,-0.6155715927608764,-1.100061510927607,-0.00908918876151077
10002,0.8892065208993278,0.5167382258473968,0.4206796834472026,1.14933691190265,-1.0110177603248032,0.35699875002469006,-0.7996519307120397,-1.0315829052568883,-0.20919052772264712,1.2440324805283078,-0.12988299045937213,-0.28607440591820543,-0.7285664166534235,-0.9573079483150615,-0.7908917574594297,-0.3085251643451028,0.04154371172272997,0.4204248708457874,-0.04112358753899836
10003,0.8890961468416463,0.5434597852120837,0.4199732894780411,-0.43811137466642525,0.53462606137418,-0.4672533155133405,-0.9306778024361704,0.08068527253671798,0.1801546059519148,-1.2914482018428217,0.09635443813728828,-1.1593857908370837,0.8275997634342074,0.01287195114596229,-0.3497442346945041,0.6782177031104635,0.8619425482241325,-0.5711270255835529,0.9954189517642706
10004,0.8889636979724286,0.5475877749693712,0.4245538128718226,-0.16783121625235964,0.5429868982479942,0.5540188094738729,-0.8213390062026096,1.1521497278903021,-1.170338661265349,0.9264136097211744,0.20237923837790017,0.4326137444118525,0.2360127044250877,1.0740138885423238,-0.4841885079336058,0.9407540491065245,1.3026695566511044,-1.2566277636926007,1.009265871179213
10005,0.8891292590589508,0.5336364940784318,0.3873136058100904,0.42063334088039483,-0.9864976118749849,1.2660079010253706,-0.06075420002704357,-0.8390328783861303,-0.21230279777802608,-1.2493683450618631,0.8431404438695538,-0.5329274935047672,0.5691232521815228,0.22609320155591672,0.8069837951693766,0.6296571895735141,0.7735475049555876,0.9925471732984874,-0.40291148773917285
10006,0.8889416231608923,0.535512853059017,0.415425878301564,-0.36045748113395737,-0.5926642965159108,1.027257783719658,-0.9580056147972047,0.7042047323571621,-0.3362846468861941,-1.0561747060463575,-0.427446596884961,-0.9073064692128967,-1.126824202693671,0.45452655438162193,-1.0617836842102912,-0.44781571087563177,-1.0751318826808243,-0.201830710349993,0.7516623415902417
10007,0.8890299224070375,0.5221244798622532,0.36314168717784573,-1.0417710092702936,-0.9780407920682654,-0.5557487636571183,-1.066965382699494,-0.24559988896115104,1.1253555897145222,0.9755181685877437,0.6779272890745001,-0.8907740392079802,-0.45627710164971913,0.9269552686839264,-0.8425782623109648,-0.10984267672824122,-0.8798825098800541,-0.011407657142096461,-0.21005772108034781
10008,0.8889416231608923,0.5151157271994791,0.36730278915243764,-1.1680749926033036,-0.19386720090224063,-0.3528919092305287,0.5939256120188279,-0.7755624379138902,-0.4689517947034464,-0.8831019271136471,0.25887638778243516,0.7486897923494877,1.1341158431776008,1.192083466669635,-0.2818864886479553,-0.14467312694633327,-1.0147384923141374,0.358591289192564,0.04008916970025722
10009,0.8892396331166322,0.5766161521396012,0.4404145649606516,-0.34842833298635856,-0.7631236625628377,1.2754746748397514,0.9747402078833305,0.9905085364277955,-1.1404969756943706,-0.3512834049245873,0.8477772938799186,-0.9992680186503322,-0.7240412595760941,0.14650056660751853,0.8770097492255384,-0.09017227863711685,0.5621306976066376,0.38881652615594997,1.1730104409722546
10010,0.8893610445800819,0.5706338782132647,0.4357126301034205,0.9718189963345949,0.8383607332094132,0.05483596884014941,-0.5080182063379284,0.0637082019796098,1.218944665303199,-0.3508978783019162,-0.6056896295723686,0.2891791979498337,-0.8086388585954938,-0.6720195458845286,1.0453836346184795,0.6984077839481768,-0.1587685703073498,0.7157627086657954,-0.671409388719619
10011,0.8891071842474145,0.5345967483802607,0.4028984227547157,-1.3140747268068331,1.0670828721806156,0.7955491535693764,0.11748672763041257,-1.1849417943963587,-0.5189157704050599,-0.8811822508283775,1.0779806329622594,0.7944168203427096,-0.7508745503838379,1.18433341147613,0.6420715812533087,-0.11564594669943196,0.6348664564899722,0.005704143177017507,1.2918012418629405
10012,0.8891513338704871,0.5445083387600579,0.4197194291453737,-0.9814081600718886,-0.31829543014228956,0.9363479740674052,1.183268451318898,-1.2801771788164444,-0.5907360637994095,0.5376987178325956,-0.19032931881416082,0.24039688912599022,1.3095679854101905,0.15865342773510882,-1.0872249992506573,0.902918686018946,-0.792691555321629,-0.580113348755514,-0.8132994906277115
10013,0.8891513338704871,0.5820907054006026,0.4616063840354963,-0.07104239858248818,-0.5929581208552493,1.314020578268629,-0.6428950567768599,-0.3857676155680373,-0.26306200797450985,-0.759522194941276,-0.07100486829435892,1.136408654131429,-0.08640615797898299,0.466587283934049,0.8989162834783626,1.0958745275045227,0.6192019796502077,-0.35061945801318684,-0.9068698006457447
10014,0.8890078475955011,0.6222999746139667,0.5180737519453428,1.1562387932020337,-0.021984127253660057,0.7237556898589912,-0.09834994852906598,0.21754299726411652,0.48093427112508125,0.14942290487123278,-1.2717458972548168,-0.17333884211363704,0.9246285609988412,0.5360366070445144,-1.1178100280929233,0.3880009814626204,0.109238529211791,-0.5496516899335904,0.6594827544639141
10015,0.8892065208993278,0.587024425778965,0.4963079877705544,0.6104015926044188,0.3226682056926893,0.46843242151500464,1.057555981732224,0.8508871239872293,1.1349282018159645,-0.7398477779478407,-1.0412721676603027,-1.2719183868756478,-0.8434715915101988,-0.20262099585204774,1.3177703546287807,1.2471768930118146,0.7086792331092819,-0.4082822825582718,0.7949279741526982
10016,0.8891513338704871,0.5678634893654595,0.4158342623149855,-1.3149817880469357,0.814954258517991,-0.8793865213357243,-0.8647927926374482,0.8593598738374089,-0.5008939310709364,0.24709643581844376,1.202499356036166,1.091604662939101,0.5459128957319428,-1.2962583263757368,0.40765117115301686,0.3583114941347696,0.7433389010032323,0.4792376199286317,-0.5815750841162617
10017,0.8895817926954449,0.5526208319996468,0.4231520623392678,-0.7249745401866563,0.5930526318087237,0.9422306248699759,0.3829507427228558,-0.6984238992996562,-1.210251341366081,0.32636953975292937,-0.3293933787998017,-0.8633528946051231,-0.8859912293635908,1.0403783389183874,1.1722956594643341,-0.24004751943808933,-0.730658059647647,-0.2009942287154438,-0.2241769718461335
10018,0.8893831193916182,0.5583602829990839,0.4311431441154071,0.4619251907015043,-0.178260451728399,-1.0586433044101953,0.2897413107259794,-1.2285607080457266,0.6246640495382423,-0.4465173767389241,1.1161982161830986,0.7982210655498563,1.163125293672053,0.08813216849715166,0.9385718398393357,0.06004031619409811,-0.34386567451086136,1.3021144378686655,-0.2825285075427355
10019,0.8891071842474145,0.5641328462158254,0.4300725157558967,-1.189043796076886,-0.7230908312679961,-0.626988577901631,-0.3244078265415141,1.148727837871111,0.17008509235277547,-0.34116448180519166,1.2521256261928937,-1.0424312229261126,0.7892343466841278,-0.436206879963148,0.8707136592195537,1.2587388625145735,-1.1708009935293178,1.0068324411708371,0.5571876448388555
10020,0.8889747353781967,0.5407666582046555,0.40718093619275725,1.2210307545780787,-1.2206361949167657,0.07739342625828316,1.2841737322615556,0.8041342506001332,0.8976635245184041,-0.9136832307733256,0.20509397358003056,0.6634388129605298,0.30788163933067736,0.9461982588316127,-0.7134861505942015,0.21640095972607631,-0.6835771751204143,1.1490799656677024,0.23967206080405812
10021,0.8890961468416463,0.5354576660301763,0.38481915210648887,-0.8837245865527775,-0.011466065349197363,0.1701352130259448,-1.3095764457799906,1.0762094512172415,0.535480380007902,-0.6601907508532255,-0.46069200481004147,0.5636015737530766,0.8745992436226195,0.24994995661533648,-0.2678599929494758,0.4773590255288973,0.4971410786625996,-0.3681419534554109,0.9169407583719409
10022,0.8891623712762552,0.5011975585258441,0.34283286056445295,-0.6268943462414714,0.006177998243338978,-1.2079304552030177,-0.8376341030340155,-0.01984342833074515,-1.1493773023117682,-0.9708816190869545,0.9212503311435991,0.5198338519360923,0.11811494267342182,0.5522354011520223,-0.4301854156721161,0.7606935615080868,-1.0507228568385378,1.107310657299452,0.2636464629983797
10023,0.8891734086820233,0.5284158011500977,0.38544828423527333,0.9997212094462398,1.3191277088285218,0.9377134431690941,-0.32573675772488764,0.1508623387339061,1.0479480012982012,-0.5340569755705609,-1.1788973125233229,-1.2671982082910926,-0.9774379764914685,-0.8912041575155303,-0.1438695023086458,-1.1516584967626635,0.8425439907139987,-1.2955728630901089,-0.015755850280633643
10024,0.8890519972185738,0.5333715963399962,0.4028984227547157,0.1392177271689652,-1.3072682563107385,-0.9286798158087921,0.9889577502683535,-0.18191201265768542,0.40111355877143273,-0.4464857237165145,-0.16937434501784288,0.22808177413810826,0.9872404677979596,-0.21255667570673564,1.0767523659095823,-1.2929680943064388,0.09248029694764814,1.1037035871104368,-1.0190597117382167
10025,0.889217558305096,0.5215284599507731,0.373141576803788,-0.2650885854457974,0.06291004195009542,-1.1156180136914133,0.020524943944183027,-1.1378450921537069,1.0020842613295369,1.316794169915111,-0.9041615943667958,0.1311422925358987,-1.20816278158828,0.11948993464903612,1.2280607193499262,0.12118206355163452,-0.6809616831497975,0.678115471444221,1.1213779970116715
10026,0.8889747353781967,0.5069149347137449,0.3401066213397203,-1.0754787379372837,0.5645019475750925,1.1810228914491783,-0.12624999549207327,-0.4864050676398173,1.161396198250684,-0.07427585368516887,0.7495689503068468,0.687380688540632,0.09575725602509211,-0.2737188316474761,-0.4980907366523164,-0.9944662182428459,-1.2107889136537404,0.47790283120489585,-1.254485302481604
10027,0.8891623712762552,0.4947075639341729,0.3431198331144248,0.3815004290783861,-0.15133191828494064,-0.2815597913578345,-0.9990426759846283,-0.4682332360624748,0.38291204925526023,1.157001324770184,-0.8574963350667366,0.10977711272069257,0.46654177522881257,-0.14235260090769786,1.0767212273915134,1.0844215462174163,0.38062408030234773,-1.0983381045319052,0.6883024784214105
10028,0.8892065208993278,0.5444973013542896,0.4286707652233419,1.12538624206108,-1.2895726796143843,-0.013644837099084928,-0.017983611793315646,1.2447475030173976,0.5115210197486402,-0.07287857725311442,0.6487599831714506,-1.1266208662178465,0.33022927304175687,0.337779709972275,-0.84063372072928,-0.42915327029016315,0.03862365373900256,0.4901856169934591,0.1857444272306943
10029,0.8895266056666041,0.6043641902407259,0.5029193938256752,-0.7908325962797569,0.4886976729252266,-1.210361301256198,-0.10734580081615985,1.2956835107634272,1.0829334236125339,-0.47493277533344025,0.3119536966009624,0.467617707354649,-0.7511056840246914,0.6881209937536144,-1.2316574919186962,-1.3061160495847655,0.6634111217301102,0.7670097236204281,1.2594367388032797
10030,0.8891182216531827,0.5848500568426397,0.48615357446385804,-0.09500442991781699,-1.0102184797979965,0.9746872783164002,1.1721454015485449,-0.25970334816114704,0.5777610813834075,-0.7036149660817165,-1.0599122325393346,0.29955417543049134,1.2206629242507117,0.22592899855746396,0.3750862142325957,0.7728810936715205,0.8420130522639606,0.2835091481113241,-1.1654961132836332
10031,0.8890188850012694,0.5351817308859725,0.38594496749484003,-0.4472708770086713,-0.28192856431419955,0.7775057153262044,-0.2558859910397191,-1.1387328452255163,-1.1933671401269403,-0.44160943629583227,0.3261799758382773,-1.3059990944785222,-0.06738119738305404,0.903783524001905,0.7031519831251074,1.3161643637366367,-0.4449092154791362,-0.14768751112429435,0.7556835867448981
10032,0.8891844460877916,0.5083497974636042,0.3473361221178574,-0.5329343267300476,-0.9182764207722579,0.6333371864131017,-1.0328415768439334,0.38895417204474714,1.200159817108598,-0.6030490026888036,0.8198334226398087,-0.46221250750074905,-0.38275902199970124,1.1470106136285743,0.1588526043267524,1.0297443364118688,1.0307316628426106,-1.06583495985217,-1.311647442684185
10033,0.889515568260836,0.5741437732475358,0.44307457975077535,0.6498537230950876,-0.3141415446494047,1.057666866775006,0.2802312644528011,0.06408209212933769,-0.6425209011508994,0.7018389408394399,-0.718393843260694,0.6269367328015518,0.22299288749403234,1.071143983406363,-0.7038469508998609,-1.0010510528262486,-1.0147612228562286,-1.0594540067287532,0.5748704089624479
10034,0.8891182216531827,0.5039789847794175,0.35468703435944415,-0.9526463861960823,-1.28042249867122,1.1598893503015006,-1.211223072677982,-1.0920780312162794,-0.30694313945207763,-0.7952472218393813,1.0476637837171092,0.8699124119256456,-0.4756078389212247,0.42010049859759335,-0.9096195489166904,0.38421391663114535,0.9135974647365359,-0.2453460189280614,-1.129115097225208
10035,0.8891402964647189,0.5636582377677951,0.44055805123563757,0.27772922509251896,-1.2598869875034833,0.29690283135120765,0.8517998196600451,0.7715596728133651,-1.1963545965071694,0.023282591649941953,0.42176326814829435,-0.22787328664040363,-0.33363583590216317,0.7898748114579439,0.9222585281343518,1.2610979766059665,-0.8982233314405995,0.8298503870481644,-0.2820457461591279
10036,0.8891623712762552,0.5528636549265461,0.4181962671493692,0.630798128432529,-0.31216020648108467,-1.308220082656256,1.1726472186056733,0.9562710206331204,0.4669410823696727,1.1909861816858809,-0.15446161744650677,-0.6357219387236288,1.0112901375084664,0.43450362324584213,0.18149389405389682,0.5695833961381422,-1.2824704076707598,-0.6570514768857083,-0.06988836033536594
10037,0.8891954834935597,0.5991324599066236,0.4821028465469476,-0.9771504335297339,1.2700713095307161,-0.05015166683930494,0.9838403014759904,-0.8004644728260899,-0.8281869331684584,-0.54935830835827,0.4977723584612104,-0.5782872412508776,1.0868681925394326,0.9860756754300126,0.3313612908202579,0.9007410687355393,0.7221416982592934,0.4320264979281596,0.9366257644923961
10038,0.8891071842474145,0.5822121168640523,0.4811425922451187,-0.1140457063029221,-0.3185014477521586,1.2755218834835473,-0.6006835822056055,0.6532331489802641,-1.3117800097796173,-1.2926626635662941,-0.5202525601567742,-0.9967421964677572,0.21506092920336717,0.2339704009421637,-1.2451235594305212,-1.1509551636442317,-1.168349147950046,0.4450892304432912,-0.8284751376413915
10039,0.8891292590589508,0.5476208871866757,0.4392335625434598,1.2736575101194674,0.38675849487754044,1.2020738861939908,-1.1634874023177653,0.7093973775145799,-1.1197450386700245,-0.16325196735751435,-0.2602264287187386,-0.735340708440118,0.262563838007039,-1.2595557707786094,-1.1435499687942596,0.1302821048773044,-0.637511821640238,0.8634344180326303,-0.22500778867541915
10040,0.888996810189733,0.5346740102206378,0.419520755841547,-1.1815475042969588,0.4852796790240339,-0.5771357169991357,-0.026708015435336296,-0.5536919753747122,0.5513600086031292,-0.06762309535479138,-0.35621036402331197,1.0476782028682823,0.7663112086036243,0.3794042077673925,0.7011795152967333,-0.302257757468835,1.0497306270363278,-0.903479492138304,-0.6239091787365033
10041,0.8889636979724286,0.5509431463228883,0.4035385922892683,1.1249772260303341,-0.7111681247811069,-0.9819093870555042,1.0883204638457193,0.7058853265269234,-0.5701047567548008,-0.1449869743952399,0.12590130122125598,1.3027587178851754,-1.2526412020725903,1.1666791464406223,-0.22460766485392636,-0.9335990089086696,-0.656637049654569,0.5433877516633971,0.5303986189969394
10042,0.8898577278396486,0.5935585699937087,0.48913367402125807,-0.916328923236245,-1.1114186615547728,-0.9295011932021913,0.97644956871121,-1.2376681863181762,-0.6962468219938749,1.1685134949650735,-0.3467100931181679,1.1127183699130103,-0.7138998963895145,0.5917013770668993,-1.2917593622260615,1.0427844481383517,-0.00025145243444946175,-0.05891101572135171,-1.3113525394089436
10043,0.8891954834935597,0.5742431098994493,0.44384719815454576,-0.8458772464545987,0.863153794529498,0.847856337707485,-1.1102554731284846,0.23938595559409404,1.2145630060377106,-1.0156360431932523,-0.9919044178366672,0.6633698232984704,0.8506369054857259,-0.4391326356098273,0.7815923394760735,-0.7799413371690552,0.3456782675833585,0.015493247211542993,0.6671934600351559
10044,0.8894051942031544,0.5551263231090164,0.4198408406088233,-0.6657119725574175,0.5652437482726931,-0.031177147765039104,0.3782015904960925,-0.42795580271071854,-0.8194384251468928,-0.8679767873122277,0.9905897639867278,-0.9209338109009243,-1.2138275360193365,-0.7764933138477512,-0.7113702285303882,0.5537520367727731,-0.6858991930755824,0.6325687426334208,0.04188199348356436
10045,0.8890851094358782,0.5282392026578073,0.3768722199534221,-0.003396057269267061,0.9168409020563308,0.9126442855880257,0.5306817929236776,0.908321197847916,-0.9379477173007573,-1.2233251477347107,0.13263230133839654,0.4007623605968791,-0.49492606231926617,-1.1546103664498357,-0.5207199210282676,1.3079859189779437,-0.409163540375569,0.25341576068202,-1.0072275141183202
10046,0.8889747353781967,0.534022803280317,0.425624441231333,-1.0634058375525743,-0.28972784915564853,0.6441998487091272,1.2324659123183948,0.4218177349342418,0.3117708156082526,-0.11602733266458043,0.3561281948200059,0.9070317794357179,-0.3330031140842491,-0.3620827103375711,-0.47876937876907166,1.1215288514490476,0.3964804939124209,1.2429609936589798,0.9374719287549536
10047,0.8891513338704871,0.5785587355547952,0.4751934305360868,-1.2232826037166133,-0.8296348267097753,-1.0060149444077846,0.3847445953331583,-1.0600558645335485,0.7620322402739788,0.831320580679076,-0.5089143989322399,-0.2703130205181712,0.18036274032121047,1.256850379711855,-0.1903254189456749,-0.9850390229245929,-0.04446352901813966,0.14624783037475808,-0.14762779824836758
10048,0.8889857727839648,0.5643094447081158,0.4436926744737917,-0.27762752532116264,-0.7784436018465055,0.042373814981092384,-0.35704323032807606,-0.21418279435601995,0.9119277627673716,-0.6265375131063862,0.5730559934563697,-0.8150597740028923,-1.094945534267019,0.5915709326381577,-0.6941574644096022,-1.2648152890405073,-0.5479665065892375,0.08958529908889279,1.1750890135788634
10049,0.8888864361320515,0.542510568316023,0.4218827606759307,0.3521191318699708,-0.8060875031382686,-0.2934468847920122,0.08883837195381084,-0.49572422387000714,-0.8645244376529455,-0.0948286366255553,-1.287776654217779,1.1734879035724795,-0.5214570207589881,0.956655779488581,-1.303356233838307,-0.192002095938832,0.5193600856338849,-1.1674667661693743,0.7438836059283311
10050,0.8891292590589508,0.5544088917340868,0.41468637211509807,0.9629635796578546,0.8127030894103042,-0.15824760335563415,0.611933934023144,1.1237115634177128,-0.2695314987424955,0.7235779009733221,-0.3055918988388897,-0.5011698323192326,-0.32683980421865455,-0.892141162786053,-0.02426135255387174,1.1349549536202466,0.24965022812090254,0.6689905399249443,-0.9041651724968802
10051,0.8890409598128056,0.549210273617289,0.4353483957130716,1.0744491581103544,1.106197582434808,0.8091807759649472,0.08781124583942934,-0.8874170203593597,-1.0941342878565945,1.0050315843364548,-0.3603604718914265,0.02291530590052049,1.229403533037711,0.38846944311720355,0.7412318094362769,-0.6823186599670471,-0.6921093203878358,-0.20966052630146748,-1.2565704000410853
10052,0.8891071842474145,0.5426871668083134,0.3992560788512268,-0.38977619575257727,0.8761951937128114,-0.5123035786691895,-0.15676441911860617,-1.0843186401481884,0.6624151857282468,0.6639937136700045,0.6150019273076388,1.1495474349914987,0.2010329704987277,-0.7136260853785893,0.26238918433317604,0.7476325946828333,-0.9165985953047477,0.6708286339080876,1.059991443563031
10053,0.8889857727839648,0.5427202790256178,0.4090021081445017,-0.21674551674288423,-0.30227251876872296,0.8473376983510097,-0.8912069410329364,0.23738119814396708,-0.203278405851967,-0.4332639289432664,-0.6362806607279797,-1.20314297401392,0.4298848123407828,-0.6894475490927463,1.1040147598478416,-1.2386450730134346,-0.9326162024645734,1.1938172408793613,-0.4434726256090499
10054,0.8890851094358782,0.5360757607531925,0.40617653226785577,0.7634205804471434,-0.08496370627926453,-1.0484618669720862,-1.1341820176170083,-0.5558006855036041,0.8772276499038127,-1.1891972355873186,0.44110432528000265,-0.43792354779050535,0.33731918354398815,-0.04033488558308074,0.0843551867716732,-0.5546604555363908,-0.3289961253022142,0.17922312088923387,-1.306190819534694
10055,0.8890299224070375,0.521064888908511,0.3599518769108509,-0.7101367053200897,0.7472257360732446,-0.11506252683522034,0.868721617334715,-0.016060887467308715,0.29240783616155896,0.17620761717541922,-1.184057025259179,-0.9121302257620199,-0.9548494205097107,1.2151617127142107,-1.1309625930422247,0.8466150127539211,1.0838210551877878,-0.6253464763644654,-0.6875865550105013
10056,0.88907407203011,0.6208982240814119,0.5231730334102273,-0.39429207233893926,0.42845276023183376,1.2575116202730585,0.8037812794644437,-0.9578950603861631,0.02905764792268961,0.10711701454219491,0.6312855610937853,1.0582191339589035,1.1780420151351387,-0.8656232733788423,0.42349074680821164,0.029182344804876248,-1.2909141581038515,0.7325163073133918,0.7698760514354295
10057,0.8895817926954449,0.5482720941269964,0.4098188761713447,0.8273222335343411,0.33742360091924617,0.8578696222640814,-0.6786853662027259,-0.7236286273506116,-0.8300622677414633,-1.3002592914833437,0.6691708626999482,-0.5927474679522516,0.6344038074871154,0.122092897731499,-1.0317871261307452,0.7289539520100357,-1.0765974098727151,0.6168078132812216,0.04303872700055322
10058,0.8889416231608923,0.5456562289599453,0.40734649727927946,-0.6540937707641505,0.10725805416941192,-0.7425736764707355,0.8603491781310539,0.7408632624380818,0.5011819374993745,-0.47624724019293674,0.484280044721507,0.8251315861255677,-1.1745314454115492,-0.9599797346422494,-1.09555132034974,0.1337898824170829,0.9416770051134169,-1.165186907150772,0.45778991579452244
10059,0.8888974735378197,0.5630401430447788,0.4460326044966391,-0.5939001202728514,-0.5954090232780096,-0.6137384018221439,0.3248427227948891,-0.37708727926775254,0.6713817377351294,0.289394463912215,0.09785533619348152,1.1470138640303837,0.2698103108155947,-0.4457784699375994,-1.0206616969370073,-0.9128219312579444,0.7713653135958778,-1.0919054688253786,1.2221157234195934
10060,0.8894493438262271,0.5585699937086787,0.4148519332016203,0.9817113666744899,0.08099044879615214,-1.0423939996511433,0.07979241930248038,-0.11670287884147479,-0.9345503240473636,0.6551162448609948,0.6055912027197945,-0.8282319387167889,0.38094570393019955,-0.8243359568711839,1.058456228552641,-0.5618021050673668,-1.1196059499392468,0.6644345473966111,-0.13339237198278098
10061,0.8891182216531827,0.5488901888500127,0.40261145020474387,-0.9690399731013974,0.9732257292496993,1.208692568841639,-0.12847032456922847,-0.5238100862776681,-0.5312365665074159,-0.05145526360873531,1.1548086238345225,1.2912997624688882,1.230643335808385,0.12052110098105806,0.7831979622066412,-0.07717605030771768,-0.4050769640148133,0.5350607829260399,-0.5193141669944602
10062,0.8893389697685457,0.5235262303948081,0.35738016136687234,0.4447555760620532,1.1479259271551963,-0.08616962672655681,0.9817842952409801,0.8157910930798924,1.1264007537364569,0.5299444226009287,0.5414075906947897,-1.002529752575675,-0.8877798713648772,-1.160411654208241,0.21797551246025493,0.9493218973306947,-0.6494999034694943,0.13224325309624008,-1.0011674524382013
10063,0.8891623712762552,0.5421573713314423,0.3970265228860609,-0.4204735926390927,0.8237682673383799,-0.339203352877789,0.33504888693388346,-0.844313876911833,0.6220940506086918,0.7412518830695183,1.163145241088068,1.0504753806725884,0.3308782271518096,-1.1829375781300053,-0.47349441484570565,-0.5712029250489201,-1.0019492783417023,1.2869942962405714,-0.1549854322256623
10064,0.8891954834935597,0.5725985364399951,0.46063509232789923,0.9224487079720547,0.23329982546572725,-0.9295321823411467,-1.3135942011483421,-0.12503160015760573,-1.1383022482003962,-0.54946349548083,-0.9317052075296717,-1.217182601745563,0.1425247185466234,-0.5414709115001779,0.8320251580413072,-1.0972529981260508,-0.35510476487334697,-0.6427292045121086,0.2232637546708629
10065,0.8894603812319952,0.5662961777463825,0.45491771613999843,0.46023824030976623,-0.39656007558835693,0.7924224885236468,0.04244538094030714,1.1298255499660088,-0.11407297709052444,-0.6876009577519544,0.09930250766764614,-1.239206862487395,0.7312027554650171,1.1058594370702541,-1.1048590709250952,1.3164028312604479,0.37518517042434607,-0.4188345256245657,0.6756328355565637
10066,0.8889195483493559,0.5509431463228883,0.4205693093895211,0.36491236920356007,0.9032490127721797,0.1028106242145963,-0.7098961275567117,0.0662423294738983,-0.002218999468973415,-0.7189870570945116,-0.06393401026829015,-0.33169099059773255,0.14226829857524348,1.1549879191932104,1.1243982822845406,-0.8951803276010668,0.4936292661376085,1.304705917917233,-1.0920801724710634
10067,0.8890630346243419,0.5927197271553294,0.4924228209401662,-1.0642208322595201,0.48072127664880293,0.3980440265575833,-0.1191081670134766,0.5361632190530214,0.7065899077774007,-0.028240297599075426,0.6920222744101456,-1.249772178157411,-1.2801958229023604,1.1915041234418593,1.1973433354871796,0.5100338601688719,1.146765731941833,0.09540136613377426,1.1267730533066762
10068,0.8890851094358782,0.534398075076434,0.3930530568095275,-0.23192920656347416,-1.0189612996337765,-1.039406094922322,0.048493734522042864,0.18679829468739073,0.6031165056583789,0.598447201670423,0.2563545808041314,-0.9766490566402105,1.2194547288866973,0.5904490105949194,-0.17480928850943123,-1.0018571516487547,-1.1373523763123188,-0.8023922416496125,-0.5208022315174257
10069,0.8888422865089789,0.5353252171609585,0.39350559044602157,-1.201905289638191,0.4734528595503522,-0.04564585858074888,0.5156265688162991,-0.27858302717357697,-0.10878881455731837,0.22437591059885387,0.0024718978505184896,0.18643693819382534,1.087170137482728,0.8144140684936751,-0.9350724088802778,-0.4487674578579185,1.214661714547239,-1.2161572893975907,-0.5251023667933725
10070,0.8893389697685457,0.507886226421342,0.3393671151532544,-0.6270826088530671,-1.1756148256778618,-0.9725855275256954,-0.13816615725510495,-0.10642991590691442,0.7198105594757414,-0.31795729159725794,-0.667066396286315,1.0978431298699614,0.4467393132098243,0.23581036609560413,0.5491131629133268,0.9000633335434947,-0.8358755685461474,-0.6797298820402475,1.032159570547609
10071,0.8889747353781967,0.5295747287557533,0.406717365150495,-0.8381089701282248,-1.0039783098443937,-0.8530280153902869,-0.41466615519443606,-1.1430828480248072,1.07158551829071,0.03469268108963752,-1.0602661191045257,-0.28505425169993526,-0.3767401224748611,-0.3967803282873126,1.1995167038245953,-1.2762135587388022,-0.11144632218667394,0.8823466341978106,-0.5826224866894426
10072,0.8891734086820233,0.554199181024492,0.4091345570137195,-1.0022414593188578,0.6181766629605521,0.17898631172025592,-1.2356632751952958,-0.5518337914042801,0.04423626221331545,1.271668536631079,0.08924530801846364,-1.1064644338791076,0.20324128238283,-0.9924260198603441,-0.9250164563671921,-0.47314539389973265,1.1793284103578097,-0.16461491378159843,0.0113907797080115
10073,0.8891623712762552,0.5509541837286565,0.4560435315283496,0.13964926176634007,1.2393846932433459,-0.8096178067095364,1.2034264744040317,-0.22934565767091186,-0.3084378063639397,-1.1337319074965375,0.6323446929330727,-0.18562684136270757,-0.9008091567595314,-0.8518247254596524,-1.28500264303608,-0.8433858762516426,0.07084072782045925,-0.9453352512211993,-0.7084895965977925
10074,0.8889085109435878,0.5487356651692586,0.41678347921104625,-0.33942224423704515,0.60519063291651,-0.44663142036876446,1.2138992752001212,0.07505605193534359,0.5643177057148148,0.7061714809080841,-0.26149816680760796,-0.4277909380804181,-0.3160680072907891,0.8866033630741998,0.2488528422398919,0.9117176836856073,-0.972194748478108,0.4672681936389331,-0.9801680930019312
10075,0.8890630346243419,0.5012637829604529,0.356166046732376,-0.8863227304223376,-0.031446477479839086,-0.5700770119565578,1.0107412917260088,0.9954836028760476,-0.9485211876784423,0.20386755956603242,-0.8236885997865036,-0.5582533755020186,-0.3180132363770909,-1.2282544402210887,0.6103716888235953,1.0820207907800639,-0.2267393754956395,1.0072426833962138,0.5734186444843357
10076,0.8890630346243419,0.5273893224136599,0.399642388053112,0.24852021461778717,1.1330737421660022,-1.0231436400913614,0.7190307224166392,0.483269738897399,0.6172667434427024,1.0096985953437214,-1.1691874230450052,-0.9661201765485874,0.029213679200075893,0.5181046094621493,-0.8667942067364011,-0.07814045834414851,-0.2890995115966273,-0.15303961910683817,0.12213827745175365
10077,0.8890078475955011,0.5004690897451463,0.3300625820907054,1.0744668773808412,0.9109914726976627,1.0503391764568304,-0.5384280063954409,-0.40716238625375745,-1.2759295591098052,-0.6092461526851585,-0.18646903683501814,0.14703544425565207,-0.07444825784118203,-0.15895147004186572,1.1377210542672034,-0.7901603503209964,0.9317786772108791,-0.915212776969127,0.24364895073025128
10078,0.8891623712762552,0.5543868169225505,0.43382523371706716,-0.3367509655273283,-0.971888383360851,-0.42649005966682396,0.9588120703267238,-1.248359638424015,0.7118222456839904,0.019765882706725524,0.7648383631045002,-0.5681465239582278,-1.3039603291255397,-0.3907770806911106,0.11072648841544663,0.7503058628117147,0.6346459092955146,1.2028903716015116,1.0654164727947035
10079,0.8889747353781967,0.5417820995353252,0.3864195759428704,1.3088445820835604,0.7739854287606758,0.9077585984256868,-0.601618387423031,-1.3157599848651431,-0.4856930709694406,-0.8812838763545223,-0.21848529511422643,-0.49357498725004767,1.0856713443051305,0.23328423549256594,1.2709297005502902,-0.23422410299994234,-1.2924869605950624,-1.0057231789022296,0.7361937534636425
10080,0.8892065208993278,0.5535810863014757,0.4061323826447832,-1.0439570439159565,1.2067078513520133,0.09785518397444681,0.0977336958827586,1.0624771674479188,-0.4574598673404171,-1.2924181429340516,-0.12998113964795932,-0.7255905763299261,0.15691344891737757,-0.7467781169680255,-1.2827377798835464,-0.9256195069039679,-0.22725947983189143,0.17316323189384386,0.7307572713162973
10081,0.8890519972185738,0.521142150748888,0.4055032505159987,0.43370119049134015,-1.1159120354168988,-0.9894701293690364,0.6676886550972192,-0.9754026681749655,-0.9395646300101443,-0.758146071899286,-0.32356383486358276,0.4591775060861698,0.02898619877322206,0.09905032011134884,-0.33034687052674394,-0.2274767534233355,-1.2787416684246107,-0.4564813991184168,0.42078460205502255
10082,0.8889636979724286,0.5072129446694849,0.3652608690853302,-0.031532922319145174,-1.1906092774386667,-0.5751055811998859,1.1828769865880633,0.4267454249865137,-0.4722957542434998,-0.5868201009366294,-0.5889119735915983,0.6615267426767284,1.2138032914351726,0.8780652314987816,0.37938793449172925,1.2521642758221574,0.5670840465312665,1.084106119104039,-1.003705945446368
10083,0.8889416231608923,0.5228750234544872,0.3604154479531131,-1.250321975968992,0.497567167935163,0.6218227668499419,0.8923116213555533,-1.2275542823766734,-1.0778478426261688,1.3032215075872091,-0.228294812386989,0.263434062501696,0.6263577509611891,-0.4862830526269529,1.2361700995329572,0.2979275922547977,-0.46696923800113055,-1.07118522911968,-0.41581720310081793
10084,0.8890188850012694,0.5394973565413185,0.39905740554740016,-0.8993426412416469,-0.4145021403740876,0.14622189154891463,-1.223151904039879,1.147132015843639,0.6106049312294397,0.6738070999946077,-0.3243199726027949,-0.6110265341847251,0.3462763587852995,0.9566415864072717,1.3017947466744062,1.1802218461646856,-0.2867764160535202,0.6672365994225162,0.7896019136287269
10085,0.8891623712762552,0.5448063487157978,0.41466429730356175,-0.22190748906943636,0.2655419821258804,-0.3818997751789077,0.6176959705404632,0.586035044872623,-0.5306853556052632,1.239951995693888,-0.7012458605998642,0.9855557443158436,1.1332007953955212,-0.46061764450066667,1.2909618604191755,-0.8401722050311689,-1.246855379037591,0.36376918051103035,0.952656596051199
10086,0.8890299224070375,0.5546406772552179,0.44126444520479907,-0.39208950571694734,1.184991473580858,0.3303350508117786,-0.9447201106397177,1.2465993211350395,-0.15575553191960334,-0.07573073703085798,-1.226802929283654,0.9973383651711207,-0.7298848508282388,0.27214022885298017,0.6205948181549199,0.9137200190135026,0.08186400928060156,0.9355512633526677,1.247390580292494
10087,0.8889416231608923,0.5357556759859162,0.4002163331530557,-0.9368524694675039,0.46895842534102106,0.003911854675807458,1.0037515707133442,0.32870290430212434,0.39307794121420825,0.8473871426514792,-1.171240097211271,-1.256006902028387,1.0345768188656501,0.7312752385971442,0.6585011041110376,-0.9113592158116263,-0.825536708245171,-0.6812050036617255,1.2388367016140969
10088,0.8890961468416463,0.5767044513857463,0.4491341155174888,-0.3410951754559053,0.5135110514117402,0.24076144115311537,1.1382552929122645,-0.14117113082051858,-0.5371617910532329,0.9448465690531929,-0.20919261556186486,0.6112796259222038,-1.2920891430662145,0.23527425304661143,-0.9885284612598428,-1.2893571927998977,-1.3078371573955851,0.5075347648894022,-0.6827992773330613
10089,0.8890630346243419,0.5379410823280096,0.40384763965077647,0.6812900195876737,-1.0049182083808912,-0.3656391331203255,1.1124955270371328,-0.7041925734923916,-0.16074274137950262,-0.06285708319172234,-1.268171233958991,0.2367575087169227,0.03600484503776813,1.0753719819397871,-0.684128700854026,-0.19545049967425832,-0.13866483602251045,-0.7083152070772765,-1.058326470486643
10090,0.8889195483493559,0.5322899305747177,0.39707067250913347,0.2115612201049626,0.889926527627299,1.2179163497075376,-1.0419089462072466,-0.6971739183025171,-0.6747341398785336,1.0868959073824114,0.10562914957761205,0.5928014746200481,0.43507985721454956,0.6415834725638918,1.1682300787991815,-1.1793460015744917,-0.2830362157345572,-0.7348874613459182,0.37409988796164106
10091,0.8889526605666604,0.5397181046566815,0.3988476948378053,-0.8590189404914997,0.40727395095281493,-0.8126184095159555,0.8697722001667805,-1.167676541924634,-0.8418825813482245,0.8643992498028383,-1.0960651258700356,1.09369355945461,0.3570268594713868,-0.03196524580931048,1.0445320728743581,1.2940145077270306,-0.17672060302934467,0.7501829076579452,-0.6175376707388721
10092,0.8891623712762552,0.5396960298451452,0.41221399322303287,-0.53248499524186,0.3165082566480637,0.8932374215371903,0.46518029583623144,-0.9902580040414256,0.5210767602033852,0.429631923895583,-1.3125659061139603,-0.19474071337485288,1.0913094555791065,-1.161318103528811,1.0382732382106752,0.6108772463672563,0.8976553938489975,-0.3415885021872834,-0.31214593771881805
10093,0.8894162316089227,0.5618591406275869,0.43715853025904794,0.8605991621214033,-0.502206196694261,0.3503305104703518,-0.5450660136819918,-0.9420558102692236,-0.4877826702407192,0.6580013897322783,0.7341859271748208,0.8942801649004763,-1.3188944671743346,-1.0809313097551636,-0.13283564970322415,0.2552675347452549,1.2231547794228173,-0.42916424466521363,-0.3962079874210085
10094,0.8891402964647189,0.5525877197823423,0.4450392379775058,-1.190143439780862,-0.13869702440218057,-0.6101010742187757,0.23257176525804524,0.8362280771401622,1.2318593130985238,1.029722687998665,0.39656936999973813,-1.2265551018504248,-1.2634116486684357,-1.0284628041071042,-0.7514689222451291,-1.099137166692078,0.45293370803383937,-0.3678813825411338,1.1139940975641596
10095,0.8890409598128056,0.5306895067383363,0.40992925022902615,0.18694127956303408,0.8342170035464374,0.11131453864518748,-1.068178815330876,-0.2825896869923925,-0.8570215082072377,-1.1427564438059283,1.0816611626509862,-0.3523878119861352,0.9522370488059628,-0.5920014516060397,-1.1803806218881998,-0.9971878608212199,-0.444916742685999,0.02064010088517665,-0.008238333063357972
10096,0.8891182216531827,0.5426540545910089,0.4097085021136632,-0.568097973511766,1.0596745546225044,-0.24440622655167843,-0.16032631070227588,-0.5947429928706336,0.03678017006418122,0.9403577705089365,-1.2118466220803203,0.5870255998954192,0.26494819953257975,-1.0329100954954662,1.1871546968647293,-1.1417473789006318,0.33097330311632045,1.2969193114431306,0.9398102856428394
10097,0.8889636979724286,0.579805962406596,0.46561296232933413,1.1465224984255193,0.09591000351833623,1.2912735088182339,-1.020085057275716,0.5208120486681842,0.14538279573910717,-1.113002058277471,-0.6680692168967278,0.824900286071174,-1.2649130685707421,-0.9629190198918505,-0.22223761624915395,-0.21491173185475154,-1.0705008380034178,-0.5322194923748952,-0.7782696460025949
10098,0.8896038675069812,0.5404355360316111,0.3861877904217393,-1.3000547230666544,-0.8887216599279497,1.0578359919916982,0.9452047872164451,0.9445844560314482,-0.41977739634664923,-1.1984231240995145,-1.2356364684097028,1.016502203271166,0.49909766287331925,-1.0729290396346014,-0.1495194602929144,0.04837126759561117,0.18671633524286446,-0.8133785125259756,1.1767755939049305
10099,0.8892506705224004,0.530976479288308,0.3771923047206984,0.18884737215580882,-0.9503709169194816,1.2202866100494616,0.4655979982101821,0.8876099628014933,-0.05683224144528376,-0.33850236963798497,0.5658745359547539,-0.7757457560590065,1.0285487686202044,0.4209812686508514,-0.20153628995949724,-0.9710582127765524,-0.2717285326140071,-0.22956302941990692,-1.075250259194188
